labels,preds
-0.03635415,-0.10766593
-0.18026073,-0.2830521
0.3024644,0.34447002
-0.99059665,-0.40758193
-0.47568685,-0.37985504
0.78755456,0.5626927
0.5815001,0.5670731
-0.38853666,-0.37827644
-0.33242074,-0.35272664
0.4609705,0.357248
-0.63841414,-0.35246906
0.08858459,-0.008828233
0.46216524,0.44788384
0.00940334,-0.30956385
0.8155833,0.55254644
-0.3637131,-0.34549683
