labels,preds
0.31582835,0.19356544
0.9916746,0.89306235
-0.18762183,-0.21185142
-0.23592651,-0.26641542
0.7254067,0.7130563
0.07334462,0.046759967
0.9336826,0.82177746
-0.5134754,-0.5637644
-0.6895667,-0.615956
-0.2582029,-0.25922477
-0.16129288,-0.22777174
0.59674007,0.6782828
-0.27043736,-0.29016286
-0.494992,-0.5216118
0.48652458,0.5086401
-0.494992,-0.52551746
